id,timestamp,comm_area,call_type
1,8/9/2016 12:30,Austin,Water in Basement
2,8/10/2016 18:30,Austin,Water in Basement
3,8/10/2016 21:30,Austin,Water in Basement
4,8/11/2016 13:00,Austin,Water in Basement
5,8/12/2016 11:00,Austin,Water in Basement
6,8/12/2016 11:30,Austin,Water in Basement
7,8/18/2016 7:30,Austin,Water in Basement
8,8/18/2016 7:30,Austin,Water in Basement
9,8/18/2016 9:30,Austin,Water in Basement
10,8/18/2016 22:00,Austin,Water in Basement
11,8/20/2016 11:00,Austin,Water in Basement
12,8/20/2016 12:00,Austin,Water in Basement
13,8/22/2016 7:00,Austin,Water in Basement
14,8/23/2016 11:00,Austin,Water in Basement
15,8/24/2016 3:00,Austin,Water in Basement
16,8/24/2016 17:00,Austin,Water in Basement
17,8/27/2016 13:00,Austin,Water in Basement
18,8/27/2016 13:00,Austin,Water in Basement
19,8/27/2016 14:30,Austin,Water in Basement
20,8/28/2016 7:00,Austin,Water in Basement
21,8/29/2016 9:00,Austin,Water in Basement
22,8/30/2016 10:30,Austin,Water in Basement
23,9/9/2016 12:00,Austin,Water in Basement
24,9/12/2016 9:30,Austin,Water in Basement
25,8/5/2016 14:30,Austin,Water in Street
26,8/8/2016 10:00,Austin,Water in Street
27,8/11/2016 9:00,Austin,Water in Street
28,8/12/2016 11:00,Austin,Water in Street
29,8/12/2016 11:30,Austin,Water in Street
30,8/12/2016 11:30,Austin,Water in Street
31,8/12/2016 11:30,Austin,Water in Street
32,8/12/2016 11:30,Austin,Water in Street
33,8/12/2016 12:00,Austin,Water in Street
34,8/12/2016 14:00,Austin,Water in Street
35,8/12/2016 15:30,Austin,Water in Street
36,8/12/2016 19:30,Austin,Water in Street
37,8/13/2016 12:00,Austin,Water in Street
38,8/14/2016 16:00,Austin,Water in Street
39,8/14/2016 16:00,Austin,Water in Street
40,8/15/2016 8:00,Austin,Water in Street
41,8/16/2016 21:00,Austin,Water in Street
42,8/17/2016 19:30,Austin,Water in Street
43,8/18/2016 7:00,Austin,Water in Street
44,8/18/2016 7:30,Austin,Water in Street
45,8/18/2016 8:00,Austin,Water in Street
46,8/18/2016 8:00,Austin,Water in Street
47,8/18/2016 14:30,Austin,Water in Street
48,8/20/2016 9:30,Austin,Water in Street
49,8/20/2016 10:30,Austin,Water in Street
50,8/20/2016 11:00,Austin,Water in Street
51,8/20/2016 12:00,Austin,Water in Street
52,8/20/2016 12:30,Austin,Water in Street
53,8/20/2016 15:00,Austin,Water in Street
54,8/20/2016 17:30,Austin,Water in Street
55,8/20/2016 18:30,Austin,Water in Street
56,8/21/2016 17:00,Austin,Water in Street
57,8/22/2016 17:00,Austin,Water in Street
58,8/24/2016 14:30,Austin,Water in Street
59,8/27/2016 8:00,Austin,Water in Street
60,8/27/2016 10:30,Austin,Water in Street
61,8/27/2016 12:30,Austin,Water in Street
62,8/27/2016 15:00,Austin,Water in Street
63,8/27/2016 18:00,Austin,Water in Street
64,8/29/2016 9:00,Austin,Water in Street
65,8/29/2016 11:00,Austin,Water in Street
66,8/29/2016 11:00,Austin,Water in Street
67,8/29/2016 19:00,Austin,Water in Street
68,8/31/2016 10:30,Austin,Water in Street
69,9/1/2016 14:30,Austin,Water in Street
70,9/2/2016 18:00,Austin,Water in Street
71,9/6/2016 9:30,Austin,Water in Street
72,9/7/2016 13:30,Austin,Water in Street
73,9/7/2016 14:00,Austin,Water in Street
74,9/8/2016 6:30,Austin,Water in Street
75,9/9/2016 12:00,Austin,Water in Street
76,8/4/2016 23:30,South Shore,Water in Basement
77,8/11/2016 7:30,South Shore,Water in Basement
78,8/11/2016 19:30,South Shore,Water in Basement
79,8/12/2016 12:00,South Shore,Water in Basement
80,8/12/2016 12:30,South Shore,Water in Basement
81,8/12/2016 14:00,South Shore,Water in Basement
82,8/12/2016 20:30,South Shore,Water in Basement
83,8/12/2016 20:30,South Shore,Water in Basement
84,8/12/2016 21:00,South Shore,Water in Basement
85,8/12/2016 23:30,South Shore,Water in Basement
86,8/13/2016 0:30,South Shore,Water in Basement
87,8/15/2016 11:30,South Shore,Water in Basement
88,8/18/2016 12:00,South Shore,Water in Basement
89,8/18/2016 17:30,South Shore,Water in Basement
90,8/22/2016 12:00,South Shore,Water in Basement
91,8/22/2016 15:30,South Shore,Water in Basement
92,8/23/2016 21:00,South Shore,Water in Basement
93,8/25/2016 23:30,South Shore,Water in Basement
94,8/26/2016 13:30,South Shore,Water in Basement
95,8/30/2016 11:00,South Shore,Water in Basement
96,8/31/2016 18:00,South Shore,Water in Basement
97,9/1/2016 16:30,South Shore,Water in Basement
98,9/6/2016 11:00,South Shore,Water in Basement
99,9/7/2016 17:00,South Shore,Water in Basement
100,8/10/2016 11:00,South Shore,Water in Street
101,8/11/2016 14:30,South Shore,Water in Street
102,8/12/2016 18:00,South Shore,Water in Street
103,8/13/2016 1:00,South Shore,Water in Street
104,8/13/2016 10:00,South Shore,Water in Street
105,8/13/2016 16:30,South Shore,Water in Street
106,8/14/2016 19:00,South Shore,Water in Street
107,8/17/2016 11:00,South Shore,Water in Street
108,8/18/2016 8:00,South Shore,Water in Street
109,8/18/2016 11:00,South Shore,Water in Street
110,8/18/2016 12:00,South Shore,Water in Street
111,8/18/2016 15:30,South Shore,Water in Street
112,8/18/2016 18:30,South Shore,Water in Street
113,8/18/2016 21:30,South Shore,Water in Street
114,8/19/2016 11:30,South Shore,Water in Street
115,8/20/2016 10:30,South Shore,Water in Street
116,8/20/2016 11:30,South Shore,Water in Street
117,8/20/2016 12:30,South Shore,Water in Street
118,8/20/2016 13:30,South Shore,Water in Street
119,8/21/2016 12:00,South Shore,Water in Street
120,8/21/2016 14:00,South Shore,Water in Street
121,8/24/2016 13:30,South Shore,Water in Street
122,8/24/2016 14:00,South Shore,Water in Street
123,8/24/2016 15:30,South Shore,Water in Street
124,8/27/2016 8:30,South Shore,Water in Street
125,8/27/2016 9:00,South Shore,Water in Street
126,8/27/2016 11:00,South Shore,Water in Street
127,8/27/2016 17:30,South Shore,Water in Street
128,9/9/2016 1:30,South Shore,Water in Street
129,8/13/2016 0:00,Beverly,Water in Basement
130,8/16/2016 13:30,Beverly,Water in Basement
131,8/21/2016 15:00,Beverly,Water in Basement
132,8/18/2016 11:00,Beverly,Water in Street
133,8/26/2016 7:30,Beverly,Water in Street
134,8/26/2016 7:30,Beverly,Water in Street
135,8/27/2016 8:30,Beverly,Water in Street
136,9/1/2016 13:00,Beverly,Water in Street
137,8/11/2016 19:30,West Ridge,Water in Basement
138,8/22/2016 10:00,West Ridge,Water in Basement
139,8/22/2016 10:00,West Ridge,Water in Basement
140,8/27/2016 12:00,West Ridge,Water in Basement
141,8/27/2016 16:30,West Ridge,Water in Basement
142,8/28/2016 17:30,West Ridge,Water in Basement
143,8/30/2016 16:00,West Ridge,Water in Basement
144,8/30/2016 18:00,West Ridge,Water in Basement
145,9/1/2016 15:00,West Ridge,Water in Basement
146,8/18/2016 12:30,West Ridge,Water in Street
147,8/19/2016 14:00,West Ridge,Water in Street
148,8/20/2016 10:30,West Ridge,Water in Street
149,8/22/2016 10:00,West Ridge,Water in Street
150,8/22/2016 13:30,West Ridge,Water in Street
151,8/25/2016 14:00,West Ridge,Water in Street
152,8/27/2016 7:00,West Ridge,Water in Street
153,8/27/2016 9:30,West Ridge,Water in Street
154,8/27/2016 12:30,West Ridge,Water in Street
155,8/30/2016 8:00,West Ridge,Water in Street
156,8/30/2016 11:30,West Ridge,Water in Street
157,8/30/2016 12:30,West Ridge,Water in Street
158,8/30/2016 17:00,West Ridge,Water in Street
159,8/30/2016 19:00,West Ridge,Water in Street
160,9/3/2016 9:30,West Ridge,Water in Street
161,8/27/2016 14:30,Humboldt Park,Water in Basement
162,8/9/2016 9:30,Humboldt Park,Water in Street
163,8/13/2016 14:30,Humboldt Park,Water in Street
164,8/22/2016 19:30,Humboldt Park,Water in Street
165,8/30/2016 10:30,Humboldt Park,Water in Street
166,8/30/2016 14:00,Humboldt Park,Water in Street
167,9/3/2016 16:00,Humboldt Park,Water in Street
168,9/7/2016 15:30,Humboldt Park,Water in Street
169,9/8/2016 9:00,Humboldt Park,Water in Street
170,8/10/2016 13:00,Lake View,Water in Basement
171,8/11/2016 18:30,Lake View,Water in Basement
172,8/12/2016 12:30,Lake View,Water in Basement
173,8/12/2016 12:30,Lake View,Water in Basement
174,8/12/2016 13:00,Lake View,Water in Basement
175,8/12/2016 13:00,Lake View,Water in Basement
176,8/12/2016 13:30,Lake View,Water in Basement
177,8/12/2016 14:00,Lake View,Water in Basement
178,8/12/2016 16:30,Lake View,Water in Basement
179,8/15/2016 9:00,Lake View,Water in Basement
180,8/19/2016 16:00,Lake View,Water in Basement
181,8/24/2016 9:30,Lake View,Water in Basement
182,8/30/2016 16:00,Lake View,Water in Basement
183,9/2/2016 9:00,Lake View,Water in Basement
184,9/9/2016 10:30,Lake View,Water in Basement
185,8/8/2016 19:30,Lake View,Water in Street
186,8/12/2016 11:30,Lake View,Water in Street
187,8/12/2016 11:30,Lake View,Water in Street
188,8/12/2016 12:00,Lake View,Water in Street
189,8/12/2016 14:00,Lake View,Water in Street
190,8/12/2016 14:30,Lake View,Water in Street
191,8/12/2016 15:30,Lake View,Water in Street
192,8/12/2016 18:30,Lake View,Water in Street
193,8/13/2016 8:30,Lake View,Water in Street
194,8/13/2016 10:00,Lake View,Water in Street
195,8/13/2016 10:00,Lake View,Water in Street
196,8/13/2016 10:30,Lake View,Water in Street
197,8/13/2016 18:30,Lake View,Water in Street
198,8/15/2016 11:30,Lake View,Water in Street
199,8/17/2016 8:30,Lake View,Water in Street
200,8/18/2016 8:00,Lake View,Water in Street
201,8/18/2016 9:00,Lake View,Water in Street
202,8/18/2016 19:30,Lake View,Water in Street
203,8/20/2016 9:00,Lake View,Water in Street
204,8/20/2016 9:30,Lake View,Water in Street
205,8/20/2016 11:00,Lake View,Water in Street
206,8/20/2016 11:00,Lake View,Water in Street
207,8/20/2016 11:00,Lake View,Water in Street
208,8/20/2016 12:30,Lake View,Water in Street
209,8/20/2016 16:00,Lake View,Water in Street
210,8/20/2016 16:00,Lake View,Water in Street
211,8/21/2016 22:30,Lake View,Water in Street
212,8/22/2016 14:00,Lake View,Water in Street
213,8/25/2016 6:30,Lake View,Water in Street
214,8/27/2016 8:30,Lake View,Water in Street
215,8/31/2016 13:30,Lake View,Water in Street
216,9/6/2016 14:00,Lake View,Water in Street
217,9/7/2016 16:00,Lake View,Water in Street
218,9/7/2016 17:30,Lake View,Water in Street
219,9/10/2016 14:00,Lake View,Water in Street
220,8/19/2016 12:00,Near West Side,Water in Basement
221,8/31/2016 14:30,Near West Side,Water in Basement
222,9/12/2016 14:30,Near West Side,Water in Basement
223,8/12/2016 12:00,Near West Side,Water in Street
224,8/12/2016 18:30,Near West Side,Water in Street
225,8/13/2016 17:30,Near West Side,Water in Street
226,8/18/2016 11:00,Near West Side,Water in Street
227,8/18/2016 11:30,Near West Side,Water in Street
228,8/18/2016 11:30,Near West Side,Water in Street
229,8/18/2016 15:30,Near West Side,Water in Street
230,8/18/2016 17:00,Near West Side,Water in Street
231,8/20/2016 9:00,Near West Side,Water in Street
232,8/20/2016 9:00,Near West Side,Water in Street
233,8/20/2016 20:30,Near West Side,Water in Street
234,8/20/2016 23:00,Near West Side,Water in Street
235,8/21/2016 12:00,Near West Side,Water in Street
236,8/23/2016 10:30,Near West Side,Water in Street
237,8/29/2016 8:30,Near West Side,Water in Street
238,8/30/2016 22:30,Near West Side,Water in Street
239,8/30/2016 22:30,Near West Side,Water in Street
240,9/5/2016 11:00,Near West Side,Water in Street
241,9/7/2016 14:30,Near West Side,Water in Street
242,8/5/2016 9:30,Auburn Gresham,Water in Basement
243,8/5/2016 19:00,Auburn Gresham,Water in Basement
244,8/12/2016 12:30,Auburn Gresham,Water in Basement
245,8/12/2016 12:30,Auburn Gresham,Water in Basement
246,8/12/2016 18:00,Auburn Gresham,Water in Basement
247,8/12/2016 20:00,Auburn Gresham,Water in Basement
248,8/12/2016 20:30,Auburn Gresham,Water in Basement
249,8/13/2016 0:00,Auburn Gresham,Water in Basement
250,8/13/2016 0:30,Auburn Gresham,Water in Basement
251,8/13/2016 10:30,Auburn Gresham,Water in Basement
252,8/13/2016 12:30,Auburn Gresham,Water in Basement
253,8/14/2016 9:30,Auburn Gresham,Water in Basement
254,8/15/2016 12:00,Auburn Gresham,Water in Basement
255,8/16/2016 13:00,Auburn Gresham,Water in Basement
256,8/16/2016 15:00,Auburn Gresham,Water in Basement
257,8/20/2016 10:00,Auburn Gresham,Water in Basement
258,8/20/2016 10:00,Auburn Gresham,Water in Basement
259,8/20/2016 10:00,Auburn Gresham,Water in Basement
260,8/20/2016 13:00,Auburn Gresham,Water in Basement
261,8/24/2016 12:30,Auburn Gresham,Water in Basement
262,8/4/2016 18:00,Auburn Gresham,Water in Street
263,8/12/2016 12:00,Auburn Gresham,Water in Street
264,8/12/2016 12:30,Auburn Gresham,Water in Street
265,8/16/2016 7:00,Auburn Gresham,Water in Street
266,8/16/2016 12:30,Auburn Gresham,Water in Street
267,8/16/2016 17:30,Auburn Gresham,Water in Street
268,8/18/2016 12:00,Auburn Gresham,Water in Street
269,8/20/2016 10:00,Auburn Gresham,Water in Street
270,8/20/2016 11:00,Auburn Gresham,Water in Street
271,8/20/2016 11:00,Auburn Gresham,Water in Street
272,8/20/2016 11:00,Auburn Gresham,Water in Street
273,8/20/2016 15:00,Auburn Gresham,Water in Street
274,8/21/2016 21:30,Auburn Gresham,Water in Street
275,8/22/2016 9:00,Auburn Gresham,Water in Street
276,8/25/2016 11:00,Auburn Gresham,Water in Street
277,9/6/2016 18:30,Auburn Gresham,Water in Street
278,9/9/2016 15:30,Auburn Gresham,Water in Street
279,8/11/2016 17:00,Dunning,Water in Basement
280,8/11/2016 22:00,Dunning,Water in Basement
281,8/12/2016 14:00,Dunning,Water in Basement
282,8/18/2016 8:30,Dunning,Water in Basement
283,8/18/2016 11:00,Dunning,Water in Basement
284,8/18/2016 13:30,Dunning,Water in Basement
285,8/20/2016 9:30,Dunning,Water in Basement
286,8/20/2016 9:30,Dunning,Water in Basement
287,8/21/2016 14:00,Dunning,Water in Basement
288,8/27/2016 12:30,Dunning,Water in Basement
289,8/29/2016 23:30,Dunning,Water in Basement
290,9/11/2016 6:00,Dunning,Water in Basement
291,8/12/2016 15:00,Dunning,Water in Street
292,8/17/2016 18:30,Dunning,Water in Street
293,8/18/2016 8:00,Dunning,Water in Street
294,8/18/2016 8:30,Dunning,Water in Street
295,8/18/2016 8:30,Dunning,Water in Street
296,8/18/2016 9:30,Dunning,Water in Street
297,8/18/2016 13:30,Dunning,Water in Street
298,8/18/2016 15:30,Dunning,Water in Street
299,8/19/2016 7:30,Dunning,Water in Street
300,8/19/2016 8:00,Dunning,Water in Street
301,8/20/2016 9:00,Dunning,Water in Street
302,8/20/2016 9:30,Dunning,Water in Street
303,8/20/2016 9:30,Dunning,Water in Street
304,8/20/2016 9:30,Dunning,Water in Street
305,8/20/2016 10:00,Dunning,Water in Street
306,8/20/2016 11:00,Dunning,Water in Street
307,8/20/2016 16:30,Dunning,Water in Street
308,8/20/2016 17:30,Dunning,Water in Street
309,8/20/2016 17:30,Dunning,Water in Street
310,8/24/2016 13:30,Dunning,Water in Street
311,8/24/2016 15:00,Dunning,Water in Street
312,8/25/2016 15:00,Dunning,Water in Street
313,8/26/2016 1:00,Dunning,Water in Street
314,8/26/2016 14:30,Dunning,Water in Street
315,8/27/2016 8:00,Dunning,Water in Street
316,8/27/2016 10:00,Dunning,Water in Street
317,8/29/2016 15:30,Dunning,Water in Street
318,8/29/2016 22:00,Dunning,Water in Street
319,8/31/2016 9:30,Dunning,Water in Street
320,9/8/2016 15:00,Dunning,Water in Street
321,9/8/2016 15:30,Dunning,Water in Street
322,9/9/2016 14:30,Dunning,Water in Street
323,9/12/2016 12:30,Dunning,Water in Street
324,9/12/2016 16:30,Dunning,Water in Street
325,8/8/2016 16:30,North Lawndale,Water in Basement
326,8/12/2016 11:30,North Lawndale,Water in Basement
327,8/18/2016 13:30,North Lawndale,Water in Basement
328,8/20/2016 13:00,North Lawndale,Water in Basement
329,9/5/2016 13:00,North Lawndale,Water in Basement
330,8/7/2016 11:00,North Lawndale,Water in Street
331,8/9/2016 22:30,North Lawndale,Water in Street
332,8/13/2016 14:00,North Lawndale,Water in Street
333,8/14/2016 16:00,North Lawndale,Water in Street
334,8/15/2016 8:30,North Lawndale,Water in Street
335,8/15/2016 8:30,North Lawndale,Water in Street
336,8/19/2016 16:30,North Lawndale,Water in Street
337,8/25/2016 11:00,North Lawndale,Water in Street
338,8/4/2016 17:30,New City,Water in Basement
339,8/8/2016 13:00,New City,Water in Basement
340,8/12/2016 12:00,New City,Water in Basement
341,8/12/2016 13:00,New City,Water in Basement
342,8/12/2016 22:00,New City,Water in Basement
343,8/16/2016 13:30,New City,Water in Basement
344,8/17/2016 11:00,New City,Water in Basement
345,8/17/2016 11:00,New City,Water in Basement
346,8/20/2016 11:00,New City,Water in Basement
347,8/27/2016 9:30,New City,Water in Basement
348,8/30/2016 10:30,New City,Water in Basement
349,9/2/2016 10:00,New City,Water in Basement
350,9/6/2016 10:00,New City,Water in Basement
351,8/12/2016 12:00,New City,Water in Street
352,8/12/2016 12:00,New City,Water in Street
353,8/12/2016 12:30,New City,Water in Street
354,8/12/2016 13:00,New City,Water in Street
355,8/12/2016 13:00,New City,Water in Street
356,8/12/2016 14:00,New City,Water in Street
357,8/12/2016 14:00,New City,Water in Street
358,8/12/2016 14:30,New City,Water in Street
359,8/14/2016 19:00,New City,Water in Street
360,8/14/2016 19:00,New City,Water in Street
361,8/14/2016 19:00,New City,Water in Street
362,8/15/2016 9:30,New City,Water in Street
363,8/17/2016 14:30,New City,Water in Street
364,8/18/2016 8:00,New City,Water in Street
365,8/18/2016 8:00,New City,Water in Street
366,8/18/2016 8:30,New City,Water in Street
367,8/19/2016 9:00,New City,Water in Street
368,8/23/2016 14:30,New City,Water in Street
369,8/24/2016 12:30,New City,Water in Street
370,8/24/2016 12:30,New City,Water in Street
371,8/5/2016 9:30,Chatham,Water in Basement
372,8/9/2016 14:00,Chatham,Water in Basement
373,8/12/2016 13:00,Chatham,Water in Basement
374,8/15/2016 12:30,Chatham,Water in Basement
375,8/15/2016 16:30,Chatham,Water in Basement
376,8/15/2016 22:00,Chatham,Water in Basement
377,8/17/2016 12:30,Chatham,Water in Basement
378,8/18/2016 9:00,Chatham,Water in Basement
379,8/20/2016 10:00,Chatham,Water in Basement
380,8/20/2016 14:00,Chatham,Water in Basement
381,8/20/2016 15:00,Chatham,Water in Basement
382,8/20/2016 17:30,Chatham,Water in Basement
383,8/22/2016 20:00,Chatham,Water in Basement
384,8/23/2016 10:30,Chatham,Water in Basement
385,8/23/2016 20:00,Chatham,Water in Basement
386,8/24/2016 16:30,Chatham,Water in Basement
387,8/26/2016 10:30,Chatham,Water in Basement
388,8/29/2016 18:30,Chatham,Water in Basement
389,8/30/2016 11:00,Chatham,Water in Basement
390,8/9/2016 12:30,Chatham,Water in Street
391,8/10/2016 11:30,Chatham,Water in Street
392,8/12/2016 13:00,Chatham,Water in Street
393,8/12/2016 16:30,Chatham,Water in Street
394,8/12/2016 20:30,Chatham,Water in Street
395,8/13/2016 10:30,Chatham,Water in Street
396,8/13/2016 12:30,Chatham,Water in Street
397,8/13/2016 13:30,Chatham,Water in Street
398,8/13/2016 16:30,Chatham,Water in Street
399,8/13/2016 23:30,Chatham,Water in Street
400,8/17/2016 10:30,Chatham,Water in Street
401,8/18/2016 9:30,Chatham,Water in Street
402,8/20/2016 11:00,Chatham,Water in Street
403,8/20/2016 11:30,Chatham,Water in Street
404,8/20/2016 12:00,Chatham,Water in Street
405,8/20/2016 16:30,Chatham,Water in Street
406,8/23/2016 17:00,Chatham,Water in Street
407,8/25/2016 8:30,Chatham,Water in Street
408,8/26/2016 11:30,Chatham,Water in Street
409,8/30/2016 10:30,Chatham,Water in Street
410,8/30/2016 22:30,Chatham,Water in Street
411,9/1/2016 12:30,Chatham,Water in Street
412,9/2/2016 10:00,Chatham,Water in Street
413,8/12/2016 12:30,Englewood,Water in Basement
414,8/16/2016 16:00,Englewood,Water in Basement
415,8/16/2016 18:00,Englewood,Water in Basement
416,8/29/2016 17:00,Englewood,Water in Basement
417,9/10/2016 21:30,Englewood,Water in Basement
418,8/12/2016 11:30,Englewood,Water in Street
419,8/12/2016 12:00,Englewood,Water in Street
420,8/13/2016 12:00,Englewood,Water in Street
421,8/16/2016 14:00,Englewood,Water in Street
422,8/18/2016 8:30,Englewood,Water in Street
423,8/18/2016 8:30,Englewood,Water in Street
424,8/18/2016 15:30,Englewood,Water in Street
425,8/24/2016 2:00,Englewood,Water in Street
426,8/24/2016 12:30,Englewood,Water in Street
427,8/24/2016 14:30,Englewood,Water in Street
428,8/26/2016 10:30,Englewood,Water in Street
429,8/27/2016 12:00,Englewood,Water in Street
430,8/11/2016 14:30,Ashburn,Water in Basement
431,8/17/2016 0:30,Ashburn,Water in Basement
432,8/22/2016 20:30,Ashburn,Water in Basement
433,8/29/2016 17:00,Ashburn,Water in Basement
434,8/31/2016 16:30,Ashburn,Water in Basement
435,8/16/2016 5:30,Ashburn,Water in Street
436,8/18/2016 21:30,Ashburn,Water in Street
437,8/24/2016 11:30,Ashburn,Water in Street
438,9/12/2016 20:30,Ashburn,Water in Street
439,8/14/2016 22:00,Avalon Park,Water in Basement
440,8/18/2016 8:30,Avalon Park,Water in Basement
441,8/20/2016 3:30,Avalon Park,Water in Basement
442,8/20/2016 16:00,Avalon Park,Water in Basement
443,8/21/2016 18:00,Avalon Park,Water in Basement
444,9/9/2016 15:00,Avalon Park,Water in Basement
445,9/10/2016 11:30,Avalon Park,Water in Basement
446,8/20/2016 14:00,Avalon Park,Water in Street
447,8/20/2016 17:00,Avalon Park,Water in Street
448,8/21/2016 18:00,Avalon Park,Water in Street
449,8/17/2016 12:00,West Town,Water in Basement
450,8/20/2016 15:00,West Town,Water in Basement
451,8/30/2016 18:30,West Town,Water in Basement
452,8/4/2016 11:30,West Town,Water in Street
453,8/4/2016 14:30,West Town,Water in Street
454,8/12/2016 12:30,West Town,Water in Street
455,8/12/2016 12:30,West Town,Water in Street
456,8/12/2016 13:30,West Town,Water in Street
457,8/12/2016 17:00,West Town,Water in Street
458,8/14/2016 10:30,West Town,Water in Street
459,8/17/2016 13:30,West Town,Water in Street
460,8/17/2016 21:30,West Town,Water in Street
461,8/18/2016 8:00,West Town,Water in Street
462,8/18/2016 8:00,West Town,Water in Street
463,8/18/2016 10:00,West Town,Water in Street
464,8/19/2016 8:00,West Town,Water in Street
465,8/19/2016 12:30,West Town,Water in Street
466,8/20/2016 0:30,West Town,Water in Street
467,8/20/2016 9:30,West Town,Water in Street
468,8/20/2016 10:00,West Town,Water in Street
469,8/20/2016 10:30,West Town,Water in Street
470,8/20/2016 11:30,West Town,Water in Street
471,8/20/2016 13:30,West Town,Water in Street
472,8/20/2016 15:00,West Town,Water in Street
473,8/20/2016 15:30,West Town,Water in Street
474,8/24/2016 17:00,West Town,Water in Street
475,8/25/2016 14:30,West Town,Water in Street
476,8/25/2016 16:00,West Town,Water in Street
477,8/25/2016 18:30,West Town,Water in Street
478,8/26/2016 17:00,West Town,Water in Street
479,8/27/2016 11:00,West Town,Water in Street
480,8/27/2016 18:30,West Town,Water in Street
481,8/27/2016 21:30,West Town,Water in Street
482,8/28/2016 21:00,West Town,Water in Street
483,8/30/2016 12:30,West Town,Water in Street
484,8/30/2016 16:00,West Town,Water in Street
485,9/6/2016 8:00,West Town,Water in Street
486,9/7/2016 17:30,West Town,Water in Street
487,9/10/2016 15:30,West Town,Water in Street
488,9/12/2016 19:30,West Town,Water in Street
489,8/8/2016 15:30,Avondale,Water in Basement
490,8/9/2016 15:30,Avondale,Water in Basement
491,8/15/2016 10:30,Avondale,Water in Basement
492,8/20/2016 10:00,Avondale,Water in Basement
493,8/20/2016 19:30,Avondale,Water in Basement
494,8/12/2016 12:00,Avondale,Water in Street
495,8/12/2016 15:00,Avondale,Water in Street
496,8/13/2016 11:00,Avondale,Water in Street
497,8/13/2016 12:00,Avondale,Water in Street
498,8/14/2016 16:30,Avondale,Water in Street
499,8/18/2016 7:00,Avondale,Water in Street
500,8/18/2016 15:00,Avondale,Water in Street
501,8/19/2016 2:30,Avondale,Water in Street
502,8/20/2016 16:30,Avondale,Water in Street
503,8/23/2016 0:00,Avondale,Water in Street
504,8/25/2016 15:30,Avondale,Water in Street
505,8/27/2016 13:30,Avondale,Water in Street
506,8/27/2016 14:00,Avondale,Water in Street
507,8/27/2016 22:00,Avondale,Water in Street
508,9/6/2016 17:30,Avondale,Water in Street
509,9/10/2016 13:00,Avondale,Water in Street
510,8/12/2016 12:30,Washington Heights,Water in Basement
511,8/12/2016 15:00,Washington Heights,Water in Basement
512,8/16/2016 11:30,Washington Heights,Water in Basement
513,8/18/2016 10:30,Washington Heights,Water in Basement
514,8/20/2016 10:00,Washington Heights,Water in Basement
515,8/20/2016 11:00,Washington Heights,Water in Basement
516,8/20/2016 14:30,Washington Heights,Water in Basement
517,8/27/2016 15:30,Washington Heights,Water in Basement
518,8/29/2016 10:30,Washington Heights,Water in Basement
519,8/30/2016 15:00,Washington Heights,Water in Basement
520,9/6/2016 19:30,Washington Heights,Water in Basement
521,9/10/2016 10:30,Washington Heights,Water in Basement
522,8/12/2016 12:00,Washington Heights,Water in Street
523,8/12/2016 12:30,Washington Heights,Water in Street
524,8/12/2016 14:30,Washington Heights,Water in Street
525,8/12/2016 20:00,Washington Heights,Water in Street
526,8/12/2016 20:30,Washington Heights,Water in Street
527,8/17/2016 9:00,Washington Heights,Water in Street
528,8/17/2016 18:00,Washington Heights,Water in Street
529,8/18/2016 12:00,Washington Heights,Water in Street
530,8/19/2016 16:30,Washington Heights,Water in Street
531,8/20/2016 9:00,Washington Heights,Water in Street
532,8/20/2016 12:00,Washington Heights,Water in Street
533,8/20/2016 12:00,Washington Heights,Water in Street
534,8/20/2016 14:00,Washington Heights,Water in Street
535,8/20/2016 16:00,Washington Heights,Water in Street
536,8/25/2016 9:30,Washington Heights,Water in Street
537,8/26/2016 13:30,Washington Heights,Water in Street
538,8/27/2016 7:30,Washington Heights,Water in Street
539,8/30/2016 17:00,Washington Heights,Water in Street
540,8/31/2016 17:00,Washington Heights,Water in Street
541,9/7/2016 2:30,Washington Heights,Water in Street
542,9/11/2016 14:00,Washington Heights,Water in Street
543,8/7/2016 5:00,Gage Park,Water in Basement
544,8/18/2016 10:00,Gage Park,Water in Basement
545,8/12/2016 14:00,Gage Park,Water in Street
546,8/12/2016 14:00,Gage Park,Water in Street
547,8/12/2016 16:00,Gage Park,Water in Street
548,8/13/2016 0:00,Gage Park,Water in Street
549,8/13/2016 17:30,Gage Park,Water in Street
550,8/18/2016 16:00,Gage Park,Water in Street
551,8/11/2016 0:00,East Garfield Park,Water in Basement
552,8/11/2016 17:30,East Garfield Park,Water in Basement
553,8/12/2016 12:30,East Garfield Park,Water in Basement
554,8/12/2016 12:30,East Garfield Park,Water in Basement
555,8/22/2016 8:00,East Garfield Park,Water in Basement
556,8/25/2016 8:00,East Garfield Park,Water in Basement
557,9/8/2016 16:00,East Garfield Park,Water in Basement
558,8/10/2016 12:00,East Garfield Park,Water in Street
559,8/12/2016 12:30,East Garfield Park,Water in Street
560,8/18/2016 8:30,East Garfield Park,Water in Street
561,8/18/2016 12:00,East Garfield Park,Water in Street
562,8/20/2016 11:30,East Garfield Park,Water in Street
563,8/20/2016 16:00,East Garfield Park,Water in Street
564,8/27/2016 13:30,East Garfield Park,Water in Street
565,9/9/2016 11:00,East Garfield Park,Water in Street
566,8/5/2016 9:30,Calumet Heights,Water in Basement
567,8/12/2016 12:00,Calumet Heights,Water in Basement
568,8/18/2016 8:00,Calumet Heights,Water in Basement
569,8/19/2016 16:30,Calumet Heights,Water in Basement
570,8/19/2016 20:00,Calumet Heights,Water in Basement
571,8/27/2016 7:30,Calumet Heights,Water in Basement
572,9/10/2016 22:30,Calumet Heights,Water in Basement
573,8/13/2016 15:30,Calumet Heights,Water in Street
574,8/16/2016 12:00,Calumet Heights,Water in Street
575,8/22/2016 10:00,Calumet Heights,Water in Street
576,8/27/2016 8:00,Calumet Heights,Water in Street
577,8/12/2016 11:30,Greater Grand Crossing,Water in Basement
578,8/12/2016 12:30,Greater Grand Crossing,Water in Basement
579,8/12/2016 21:00,Greater Grand Crossing,Water in Basement
580,8/13/2016 6:30,Greater Grand Crossing,Water in Basement
581,8/13/2016 15:30,Greater Grand Crossing,Water in Basement
582,8/14/2016 9:00,Greater Grand Crossing,Water in Basement
583,8/14/2016 16:30,Greater Grand Crossing,Water in Basement
584,8/20/2016 8:30,Greater Grand Crossing,Water in Basement
585,8/20/2016 10:00,Greater Grand Crossing,Water in Basement
586,8/20/2016 11:30,Greater Grand Crossing,Water in Basement
587,8/20/2016 15:00,Greater Grand Crossing,Water in Basement
588,8/22/2016 20:00,Greater Grand Crossing,Water in Basement
589,8/24/2016 21:00,Greater Grand Crossing,Water in Basement
590,8/28/2016 9:30,Greater Grand Crossing,Water in Basement
591,8/29/2016 9:30,Greater Grand Crossing,Water in Basement
592,8/30/2016 16:30,Greater Grand Crossing,Water in Basement
593,8/30/2016 18:30,Greater Grand Crossing,Water in Basement
594,9/2/2016 11:00,Greater Grand Crossing,Water in Basement
595,8/8/2016 11:00,Greater Grand Crossing,Water in Street
596,8/12/2016 12:00,Greater Grand Crossing,Water in Street
597,8/12/2016 12:30,Greater Grand Crossing,Water in Street
598,8/12/2016 12:30,Greater Grand Crossing,Water in Street
599,8/12/2016 21:30,Greater Grand Crossing,Water in Street
600,8/13/2016 8:30,Greater Grand Crossing,Water in Street
601,8/13/2016 14:00,Greater Grand Crossing,Water in Street
602,8/18/2016 9:00,Greater Grand Crossing,Water in Street
603,8/20/2016 11:00,Greater Grand Crossing,Water in Street
604,8/20/2016 11:00,Greater Grand Crossing,Water in Street
605,8/20/2016 11:30,Greater Grand Crossing,Water in Street
606,8/26/2016 13:00,Greater Grand Crossing,Water in Street
607,8/30/2016 10:30,Greater Grand Crossing,Water in Street
608,8/31/2016 10:00,Greater Grand Crossing,Water in Street
609,8/31/2016 12:00,Greater Grand Crossing,Water in Street
610,8/31/2016 12:30,Greater Grand Crossing,Water in Street
611,8/31/2016 13:00,Greater Grand Crossing,Water in Street
612,8/31/2016 14:00,Greater Grand Crossing,Water in Street
613,8/31/2016 14:00,Greater Grand Crossing,Water in Street
614,8/13/2016 11:00,Woodlawn,Water in Basement
615,8/13/2016 12:30,Woodlawn,Water in Basement
616,8/20/2016 23:00,Woodlawn,Water in Basement
617,9/9/2016 16:30,Woodlawn,Water in Basement
618,8/7/2016 13:30,Woodlawn,Water in Street
619,8/8/2016 13:00,Woodlawn,Water in Street
620,8/12/2016 12:00,Woodlawn,Water in Street
621,8/12/2016 12:30,Woodlawn,Water in Street
622,8/13/2016 8:00,Woodlawn,Water in Street
623,8/15/2016 23:30,Woodlawn,Water in Street
624,8/19/2016 12:00,Woodlawn,Water in Street
625,8/20/2016 10:30,Woodlawn,Water in Street
626,8/22/2016 14:30,Woodlawn,Water in Street
627,8/23/2016 15:30,Woodlawn,Water in Street
628,8/25/2016 11:00,Woodlawn,Water in Street
629,9/1/2016 17:00,Woodlawn,Water in Street
630,8/9/2016 13:00,South Deering,Water in Basement
631,8/9/2016 13:00,South Deering,Water in Basement
632,8/9/2016 17:00,South Deering,Water in Basement
633,8/9/2016 18:30,South Deering,Water in Basement
634,8/9/2016 21:30,South Deering,Water in Basement
635,8/10/2016 15:00,South Deering,Water in Basement
636,8/22/2016 9:30,South Deering,Water in Basement
637,8/22/2016 11:00,South Deering,Water in Basement
638,8/22/2016 19:00,South Deering,Water in Basement
639,8/30/2016 16:00,South Deering,Water in Basement
640,8/7/2016 15:00,South Deering,Water in Street
641,8/14/2016 15:00,South Deering,Water in Street
642,8/18/2016 10:30,South Deering,Water in Street
643,8/18/2016 13:00,South Deering,Water in Street
644,8/19/2016 12:00,South Deering,Water in Street
645,8/19/2016 13:30,South Deering,Water in Street
646,8/19/2016 17:30,South Deering,Water in Street
647,8/20/2016 11:00,South Deering,Water in Street
648,8/20/2016 11:30,South Deering,Water in Street
649,8/20/2016 22:30,South Deering,Water in Street
650,8/25/2016 10:30,South Deering,Water in Street
651,8/27/2016 6:30,South Deering,Water in Street
652,8/27/2016 6:30,South Deering,Water in Street
653,8/27/2016 19:30,South Deering,Water in Street
654,8/27/2016 20:00,South Deering,Water in Street
655,8/28/2016 16:00,South Deering,Water in Street
656,8/29/2016 10:00,South Deering,Water in Street
657,8/30/2016 14:00,South Deering,Water in Street
658,9/1/2016 11:00,South Deering,Water in Street
659,8/5/2016 9:30,West Pullman,Water in Basement
660,8/8/2016 8:30,West Pullman,Water in Basement
661,8/8/2016 14:30,West Pullman,Water in Basement
662,8/8/2016 15:00,West Pullman,Water in Basement
663,8/9/2016 11:30,West Pullman,Water in Basement
664,8/11/2016 10:30,West Pullman,Water in Basement
665,8/11/2016 15:00,West Pullman,Water in Basement
666,8/11/2016 15:30,West Pullman,Water in Basement
667,8/13/2016 19:30,West Pullman,Water in Basement
668,8/16/2016 10:30,West Pullman,Water in Basement
669,8/16/2016 10:30,West Pullman,Water in Basement
670,8/19/2016 17:00,West Pullman,Water in Basement
671,8/20/2016 9:30,West Pullman,Water in Basement
672,8/20/2016 10:00,West Pullman,Water in Basement
673,8/20/2016 10:00,West Pullman,Water in Basement
674,8/20/2016 10:30,West Pullman,Water in Basement
675,8/20/2016 10:30,West Pullman,Water in Basement
676,8/20/2016 11:00,West Pullman,Water in Basement
677,8/20/2016 14:30,West Pullman,Water in Basement
678,8/22/2016 9:30,West Pullman,Water in Basement
679,8/22/2016 10:30,West Pullman,Water in Basement
680,8/22/2016 15:00,West Pullman,Water in Basement
681,8/23/2016 10:30,West Pullman,Water in Basement
682,8/24/2016 15:00,West Pullman,Water in Basement
683,8/26/2016 10:30,West Pullman,Water in Basement
684,9/1/2016 11:00,West Pullman,Water in Basement
685,9/2/2016 19:30,West Pullman,Water in Basement
686,9/6/2016 19:00,West Pullman,Water in Basement
687,9/7/2016 16:00,West Pullman,Water in Basement
688,9/8/2016 15:00,West Pullman,Water in Basement
689,8/5/2016 7:30,West Pullman,Water in Street
690,8/9/2016 12:30,West Pullman,Water in Street
691,8/12/2016 9:30,West Pullman,Water in Street
692,8/12/2016 12:00,West Pullman,Water in Street
693,8/12/2016 16:30,West Pullman,Water in Street
694,8/13/2016 17:00,West Pullman,Water in Street
695,8/15/2016 14:00,West Pullman,Water in Street
696,8/16/2016 20:30,West Pullman,Water in Street
697,8/17/2016 18:00,West Pullman,Water in Street
698,8/17/2016 18:00,West Pullman,Water in Street
699,8/18/2016 9:00,West Pullman,Water in Street
700,8/18/2016 13:00,West Pullman,Water in Street
701,8/18/2016 15:00,West Pullman,Water in Street
702,8/19/2016 12:30,West Pullman,Water in Street
703,8/20/2016 10:00,West Pullman,Water in Street
704,8/20/2016 10:30,West Pullman,Water in Street
705,8/25/2016 21:00,West Pullman,Water in Street
706,8/27/2016 13:00,West Pullman,Water in Street
707,9/6/2016 9:30,West Pullman,Water in Street
708,8/10/2016 11:00,Roseland,Water in Basement
709,8/13/2016 10:30,Roseland,Water in Basement
710,8/17/2016 16:00,Roseland,Water in Basement
711,8/29/2016 12:30,Roseland,Water in Basement
712,9/9/2016 17:30,Roseland,Water in Basement
713,8/9/2016 18:30,Roseland,Water in Street
714,8/12/2016 19:30,Roseland,Water in Street
715,8/12/2016 20:00,Roseland,Water in Street
716,8/12/2016 20:00,Roseland,Water in Street
717,8/12/2016 20:30,Roseland,Water in Street
718,8/13/2016 10:30,Roseland,Water in Street
719,8/13/2016 22:00,Roseland,Water in Street
720,8/16/2016 14:00,Roseland,Water in Street
721,8/16/2016 17:30,Roseland,Water in Street
722,8/18/2016 10:00,Roseland,Water in Street
723,8/18/2016 13:30,Roseland,Water in Street
724,8/19/2016 10:30,Roseland,Water in Street
725,8/19/2016 11:30,Roseland,Water in Street
726,8/19/2016 13:00,Roseland,Water in Street
727,8/19/2016 17:00,Roseland,Water in Street
728,8/20/2016 8:30,Roseland,Water in Street
729,8/20/2016 9:30,Roseland,Water in Street
730,8/20/2016 10:00,Roseland,Water in Street
731,8/20/2016 10:30,Roseland,Water in Street
732,8/20/2016 10:30,Roseland,Water in Street
733,8/22/2016 12:30,Roseland,Water in Street
734,8/23/2016 16:00,Roseland,Water in Street
735,8/24/2016 20:30,Roseland,Water in Street
736,9/10/2016 12:30,Roseland,Water in Street
737,8/8/2016 10:00,South Chicago,Water in Basement
738,8/8/2016 19:30,South Chicago,Water in Basement
739,8/9/2016 6:00,South Chicago,Water in Basement
740,8/11/2016 12:30,South Chicago,Water in Basement
741,8/12/2016 20:30,South Chicago,Water in Basement
742,8/13/2016 12:00,South Chicago,Water in Basement
743,8/13/2016 12:30,South Chicago,Water in Basement
744,8/16/2016 13:00,South Chicago,Water in Basement
745,9/7/2016 22:00,South Chicago,Water in Basement
746,9/9/2016 22:00,South Chicago,Water in Basement
747,8/11/2016 16:30,South Chicago,Water in Street
748,8/11/2016 18:00,South Chicago,Water in Street
749,8/15/2016 14:00,South Chicago,Water in Street
750,8/18/2016 8:00,South Chicago,Water in Street
751,8/18/2016 10:30,South Chicago,Water in Street
752,8/19/2016 11:00,South Chicago,Water in Street
753,8/19/2016 11:30,South Chicago,Water in Street
754,8/19/2016 12:30,South Chicago,Water in Street
755,8/19/2016 13:00,South Chicago,Water in Street
756,8/19/2016 13:00,South Chicago,Water in Street
757,8/19/2016 13:30,South Chicago,Water in Street
758,8/19/2016 15:30,South Chicago,Water in Street
759,8/20/2016 7:30,South Chicago,Water in Street
760,8/22/2016 9:00,South Chicago,Water in Street
761,8/22/2016 14:00,South Chicago,Water in Street
762,8/25/2016 18:00,South Chicago,Water in Street
763,8/27/2016 14:30,South Chicago,Water in Street
764,9/1/2016 15:30,South Chicago,Water in Street
765,9/6/2016 17:00,South Chicago,Water in Street
766,9/9/2016 18:30,South Chicago,Water in Street
767,8/7/2016 14:00,Chicago Lawn,Water in Basement
768,8/9/2016 11:30,Chicago Lawn,Water in Basement
769,8/10/2016 11:00,Chicago Lawn,Water in Basement
770,8/10/2016 16:00,Chicago Lawn,Water in Basement
771,8/12/2016 16:00,Chicago Lawn,Water in Basement
772,8/12/2016 16:30,Chicago Lawn,Water in Basement
773,8/12/2016 20:30,Chicago Lawn,Water in Basement
774,8/13/2016 9:30,Chicago Lawn,Water in Basement
775,8/15/2016 10:30,Chicago Lawn,Water in Basement
776,8/15/2016 16:30,Chicago Lawn,Water in Basement
777,8/17/2016 9:00,Chicago Lawn,Water in Basement
778,8/17/2016 16:30,Chicago Lawn,Water in Basement
779,8/20/2016 16:30,Chicago Lawn,Water in Basement
780,9/1/2016 10:00,Chicago Lawn,Water in Basement
781,9/1/2016 13:30,Chicago Lawn,Water in Basement
782,9/1/2016 19:00,Chicago Lawn,Water in Basement
783,9/2/2016 11:00,Chicago Lawn,Water in Basement
784,9/7/2016 8:30,Chicago Lawn,Water in Basement
785,9/7/2016 16:00,Chicago Lawn,Water in Basement
786,8/4/2016 11:00,Chicago Lawn,Water in Street
787,8/12/2016 13:00,Chicago Lawn,Water in Street
788,8/12/2016 15:30,Chicago Lawn,Water in Street
789,8/12/2016 16:30,Chicago Lawn,Water in Street
790,8/12/2016 22:30,Chicago Lawn,Water in Street
791,8/13/2016 9:30,Chicago Lawn,Water in Street
792,8/18/2016 8:00,Chicago Lawn,Water in Street
793,8/18/2016 8:30,Chicago Lawn,Water in Street
794,8/18/2016 19:30,Chicago Lawn,Water in Street
795,8/19/2016 18:00,Chicago Lawn,Water in Street
796,8/23/2016 15:30,Chicago Lawn,Water in Street
797,8/27/2016 8:30,Chicago Lawn,Water in Street
798,8/27/2016 14:00,Chicago Lawn,Water in Street
799,8/16/2016 13:30,Brighton Park,Water in Street
800,8/17/2016 13:30,Brighton Park,Water in Street
801,8/18/2016 8:00,Brighton Park,Water in Street
802,8/18/2016 16:00,Brighton Park,Water in Street
803,8/19/2016 15:00,Brighton Park,Water in Street
804,8/20/2016 9:30,Brighton Park,Water in Street
805,8/22/2016 16:30,Brighton Park,Water in Street
806,8/28/2016 9:30,Brighton Park,Water in Street
807,8/10/2016 9:30,Lincoln Park,Water in Basement
808,8/16/2016 11:00,Lincoln Park,Water in Basement
809,8/28/2016 13:00,Lincoln Park,Water in Basement
810,9/7/2016 15:30,Lincoln Park,Water in Basement
811,8/6/2016 23:30,Lincoln Park,Water in Street
812,8/12/2016 11:30,Lincoln Park,Water in Street
813,8/12/2016 12:00,Lincoln Park,Water in Street
814,8/12/2016 12:00,Lincoln Park,Water in Street
815,8/12/2016 12:30,Lincoln Park,Water in Street
816,8/12/2016 13:00,Lincoln Park,Water in Street
817,8/12/2016 16:00,Lincoln Park,Water in Street
818,8/13/2016 9:00,Lincoln Park,Water in Street
819,8/13/2016 10:30,Lincoln Park,Water in Street
820,8/18/2016 8:30,Lincoln Park,Water in Street
821,8/18/2016 12:00,Lincoln Park,Water in Street
822,8/20/2016 10:30,Lincoln Park,Water in Street
823,8/20/2016 15:30,Lincoln Park,Water in Street
824,8/29/2016 7:00,Lincoln Park,Water in Street
825,8/29/2016 15:00,Lincoln Park,Water in Street
826,9/7/2016 14:30,Lincoln Park,Water in Street
827,9/7/2016 16:00,Lincoln Park,Water in Street
828,9/7/2016 16:00,Lincoln Park,Water in Street
829,8/4/2016 9:00,West Englewood,Water in Basement
830,8/12/2016 19:00,West Englewood,Water in Basement
831,8/12/2016 22:00,West Englewood,Water in Basement
832,8/13/2016 9:00,West Englewood,Water in Basement
833,8/18/2016 8:30,West Englewood,Water in Basement
834,8/18/2016 13:00,West Englewood,Water in Basement
835,8/20/2016 10:30,West Englewood,Water in Basement
836,9/2/2016 14:00,West Englewood,Water in Basement
837,8/8/2016 18:30,West Englewood,Water in Street
838,8/12/2016 11:30,West Englewood,Water in Street
839,8/12/2016 12:30,West Englewood,Water in Street
840,8/12/2016 14:00,West Englewood,Water in Street
841,8/12/2016 17:30,West Englewood,Water in Street
842,8/18/2016 8:30,West Englewood,Water in Street
843,8/18/2016 8:30,West Englewood,Water in Street
844,8/18/2016 9:00,West Englewood,Water in Street
845,8/18/2016 10:00,West Englewood,Water in Street
846,8/27/2016 10:00,West Englewood,Water in Street
847,8/30/2016 20:00,West Englewood,Water in Street
848,9/1/2016 8:30,West Englewood,Water in Street
849,8/11/2016 8:30,Jefferson Park,Water in Basement
850,8/18/2016 9:00,Jefferson Park,Water in Street
851,8/20/2016 9:30,Jefferson Park,Water in Street
852,8/26/2016 13:30,Jefferson Park,Water in Street
853,8/31/2016 18:30,Jefferson Park,Water in Street
854,9/6/2016 9:30,Jefferson Park,Water in Street
855,8/25/2016 12:00,Hegewisch,Water in Basement
856,8/20/2016 11:00,Hegewisch,Water in Street
857,8/20/2016 15:00,Hegewisch,Water in Street
858,8/26/2016 0:30,Hegewisch,Water in Street
859,8/12/2016 12:00,Edgewater,Water in Basement
860,8/20/2016 20:30,Edgewater,Water in Basement
861,8/5/2016 11:30,Edgewater,Water in Street
862,8/12/2016 12:00,Edgewater,Water in Street
863,8/12/2016 12:30,Edgewater,Water in Street
864,8/12/2016 14:30,Edgewater,Water in Street
865,8/14/2016 12:00,Edgewater,Water in Street
866,8/14/2016 21:30,Edgewater,Water in Street
867,8/20/2016 9:30,Edgewater,Water in Street
868,8/29/2016 23:00,Edgewater,Water in Street
869,8/30/2016 13:30,Edgewater,Water in Street
870,8/30/2016 14:30,Edgewater,Water in Street
871,8/30/2016 19:30,Edgewater,Water in Street
872,8/22/2016 16:00,North Center,Water in Basement
873,9/9/2016 11:00,North Center,Water in Basement
874,8/12/2016 14:30,North Center,Water in Street
875,8/12/2016 14:30,North Center,Water in Street
876,8/12/2016 16:30,North Center,Water in Street
877,8/13/2016 7:30,North Center,Water in Street
878,8/13/2016 8:30,North Center,Water in Street
879,8/13/2016 10:30,North Center,Water in Street
880,8/13/2016 11:30,North Center,Water in Street
881,8/13/2016 11:30,North Center,Water in Street
882,8/13/2016 11:30,North Center,Water in Street
883,8/15/2016 7:00,North Center,Water in Street
884,8/15/2016 10:00,North Center,Water in Street
885,8/17/2016 11:00,North Center,Water in Street
886,8/18/2016 9:00,North Center,Water in Street
887,8/18/2016 12:00,North Center,Water in Street
888,8/20/2016 8:30,North Center,Water in Street
889,8/20/2016 10:30,North Center,Water in Street
890,8/20/2016 11:30,North Center,Water in Street
891,8/21/2016 18:30,North Center,Water in Street
892,8/22/2016 6:00,North Center,Water in Street
893,8/23/2016 8:00,North Center,Water in Street
894,8/23/2016 8:30,North Center,Water in Street
895,8/23/2016 12:30,North Center,Water in Street
896,8/24/2016 10:30,North Center,Water in Street
897,8/24/2016 17:30,North Center,Water in Street
898,8/25/2016 6:30,North Center,Water in Street
899,8/28/2016 19:00,North Center,Water in Street
900,8/28/2016 19:00,North Center,Water in Street
901,8/29/2016 10:00,North Center,Water in Street
902,9/6/2016 16:30,North Center,Water in Street
903,9/7/2016 17:30,North Center,Water in Street
904,9/8/2016 16:00,North Center,Water in Street
905,8/14/2016 21:30,Mount Greenwood,Water in Basement
906,8/17/2016 8:30,Mount Greenwood,Water in Basement
907,8/20/2016 18:00,Mount Greenwood,Water in Basement
908,8/12/2016 12:00,Mount Greenwood,Water in Street
909,8/12/2016 16:00,Mount Greenwood,Water in Street
910,8/13/2016 9:30,Mount Greenwood,Water in Street
911,8/13/2016 13:00,Mount Greenwood,Water in Street
912,9/1/2016 11:00,Mount Greenwood,Water in Street
913,9/4/2016 11:00,Mount Greenwood,Water in Street
914,8/4/2016 11:30,South Lawndale,Water in Basement
915,8/12/2016 17:30,South Lawndale,Water in Basement
916,8/21/2016 13:30,South Lawndale,Water in Basement
917,8/5/2016 8:30,South Lawndale,Water in Street
918,8/6/2016 19:00,South Lawndale,Water in Street
919,8/11/2016 18:00,South Lawndale,Water in Street
920,8/12/2016 11:30,South Lawndale,Water in Street
921,8/16/2016 10:30,South Lawndale,Water in Street
922,8/16/2016 16:00,South Lawndale,Water in Street
923,8/26/2016 12:00,South Lawndale,Water in Street
924,8/31/2016 10:00,South Lawndale,Water in Street
925,9/1/2016 14:00,South Lawndale,Water in Street
926,8/12/2016 14:30,Garfield Ridge,Water in Basement
927,8/12/2016 14:30,Garfield Ridge,Water in Basement
928,8/13/2016 1:00,Garfield Ridge,Water in Basement
929,8/13/2016 20:30,Garfield Ridge,Water in Basement
930,8/15/2016 9:00,Garfield Ridge,Water in Basement
931,8/15/2016 22:00,Garfield Ridge,Water in Basement
932,8/20/2016 16:00,Garfield Ridge,Water in Basement
933,8/22/2016 11:30,Garfield Ridge,Water in Basement
934,8/26/2016 19:30,Garfield Ridge,Water in Basement
935,9/7/2016 15:00,Garfield Ridge,Water in Basement
936,9/8/2016 10:30,Garfield Ridge,Water in Basement
937,8/12/2016 11:30,Garfield Ridge,Water in Street
938,8/12/2016 11:30,Garfield Ridge,Water in Street
939,8/18/2016 8:30,Garfield Ridge,Water in Street
940,8/18/2016 9:30,Garfield Ridge,Water in Street
941,8/18/2016 9:30,Garfield Ridge,Water in Street
942,8/18/2016 11:30,Garfield Ridge,Water in Street
943,8/19/2016 12:00,Garfield Ridge,Water in Street
944,8/19/2016 12:00,Garfield Ridge,Water in Street
945,8/20/2016 12:30,Garfield Ridge,Water in Street
946,8/20/2016 13:30,Garfield Ridge,Water in Street
947,8/20/2016 17:00,Garfield Ridge,Water in Street
948,8/25/2016 10:00,Garfield Ridge,Water in Street
949,8/8/2016 9:30,Bridgeport,Water in Basement
950,8/12/2016 12:00,Bridgeport,Water in Basement
951,8/12/2016 12:30,Bridgeport,Water in Basement
952,8/13/2016 7:30,Bridgeport,Water in Basement
953,8/13/2016 22:30,Bridgeport,Water in Basement
954,8/14/2016 14:30,Bridgeport,Water in Basement
955,8/16/2016 15:30,Bridgeport,Water in Basement
956,8/22/2016 21:30,Bridgeport,Water in Basement
957,8/27/2016 16:00,Bridgeport,Water in Basement
958,8/31/2016 12:30,Bridgeport,Water in Basement
959,8/12/2016 12:30,Bridgeport,Water in Street
960,8/12/2016 13:00,Bridgeport,Water in Street
961,8/12/2016 13:00,Bridgeport,Water in Street
962,8/12/2016 14:00,Bridgeport,Water in Street
963,8/13/2016 9:00,Bridgeport,Water in Street
964,8/13/2016 11:30,Bridgeport,Water in Street
965,8/16/2016 12:00,Bridgeport,Water in Street
966,8/18/2016 8:00,Bridgeport,Water in Street
967,8/18/2016 8:00,Bridgeport,Water in Street
968,8/18/2016 8:00,Bridgeport,Water in Street
969,8/18/2016 8:30,Bridgeport,Water in Street
970,8/18/2016 11:30,Bridgeport,Water in Street
971,8/19/2016 11:30,Bridgeport,Water in Street
972,8/20/2016 0:00,Bridgeport,Water in Street
973,8/20/2016 9:00,Bridgeport,Water in Street
974,8/20/2016 12:00,Bridgeport,Water in Street
975,8/20/2016 15:00,Bridgeport,Water in Street
976,8/27/2016 13:30,Bridgeport,Water in Street
977,8/4/2016 11:30,Lower West Side,Water in Basement
978,8/11/2016 21:00,Lower West Side,Water in Basement
979,8/19/2016 16:30,Lower West Side,Water in Basement
980,8/29/2016 17:00,Lower West Side,Water in Basement
981,8/30/2016 8:30,Lower West Side,Water in Basement
982,8/31/2016 18:30,Lower West Side,Water in Basement
983,8/18/2016 9:30,Lower West Side,Water in Street
984,8/18/2016 10:00,Lower West Side,Water in Street
985,8/18/2016 13:30,Lower West Side,Water in Street
986,8/19/2016 11:30,Lower West Side,Water in Street
987,8/22/2016 15:30,Lower West Side,Water in Street
988,8/25/2016 19:00,Lower West Side,Water in Street
989,8/27/2016 9:00,Lower West Side,Water in Street
990,8/9/2016 14:00,Burnside,Water in Basement
991,8/10/2016 12:30,Burnside,Water in Basement
992,8/18/2016 9:00,Burnside,Water in Street
993,8/27/2016 9:00,Burnside,Water in Street
994,8/5/2016 9:30,Washington Park,Water in Basement
995,8/12/2016 17:30,Washington Park,Water in Basement
996,8/12/2016 19:30,Washington Park,Water in Basement
997,8/27/2016 3:30,Washington Park,Water in Basement
998,9/5/2016 23:00,Washington Park,Water in Basement
999,8/12/2016 13:00,Washington Park,Water in Street
1000,8/16/2016 23:30,Washington Park,Water in Street
1001,8/18/2016 16:30,Washington Park,Water in Street
1002,8/20/2016 18:30,Washington Park,Water in Street
1003,8/27/2016 8:30,Washington Park,Water in Street
1004,8/4/2016 18:00,Mckinley Park,Water in Basement
1005,8/12/2016 12:00,Mckinley Park,Water in Basement
1006,8/12/2016 16:00,Mckinley Park,Water in Basement
1007,8/18/2016 15:00,Mckinley Park,Water in Basement
1008,8/19/2016 6:30,Mckinley Park,Water in Basement
1009,8/19/2016 7:30,Mckinley Park,Water in Basement
1010,8/12/2016 12:30,Mckinley Park,Water in Street
1011,8/18/2016 21:30,Mckinley Park,Water in Street
1012,9/1/2016 18:30,Mckinley Park,Water in Street
1013,9/7/2016 19:00,Mckinley Park,Water in Street
1014,9/8/2016 22:30,Mckinley Park,Water in Street
1015,8/13/2016 12:00,Portage Park,Water in Basement
1016,8/20/2016 10:00,Portage Park,Water in Basement
1017,8/27/2016 8:30,Portage Park,Water in Basement
1018,8/12/2016 13:00,Portage Park,Water in Street
1019,8/12/2016 16:30,Portage Park,Water in Street
1020,8/18/2016 8:00,Portage Park,Water in Street
1021,8/18/2016 8:00,Portage Park,Water in Street
1022,8/18/2016 14:00,Portage Park,Water in Street
1023,8/18/2016 14:30,Portage Park,Water in Street
1024,8/18/2016 15:00,Portage Park,Water in Street
1025,8/18/2016 16:00,Portage Park,Water in Street
1026,8/19/2016 11:00,Portage Park,Water in Street
1027,8/19/2016 11:30,Portage Park,Water in Street
1028,8/19/2016 11:30,Portage Park,Water in Street
1029,8/20/2016 9:00,Portage Park,Water in Street
1030,8/20/2016 10:00,Portage Park,Water in Street
1031,8/20/2016 10:30,Portage Park,Water in Street
1032,8/20/2016 11:30,Portage Park,Water in Street
1033,8/24/2016 10:30,Portage Park,Water in Street
1034,8/27/2016 8:00,Portage Park,Water in Street
1035,8/27/2016 9:00,Portage Park,Water in Street
1036,8/27/2016 9:30,Portage Park,Water in Street
1037,8/27/2016 10:30,Portage Park,Water in Street
1038,8/27/2016 12:00,Portage Park,Water in Street
1039,8/27/2016 13:00,Portage Park,Water in Street
1040,8/29/2016 10:00,Portage Park,Water in Street
1041,8/6/2016 17:00,Pullman,Water in Basement
1042,8/8/2016 9:00,Pullman,Water in Basement
1043,8/12/2016 21:00,Pullman,Water in Basement
1044,9/1/2016 11:30,Pullman,Water in Basement
1045,8/10/2016 13:00,Pullman,Water in Street
1046,8/10/2016 19:00,Pullman,Water in Street
1047,8/29/2016 11:30,Pullman,Water in Street
1048,8/19/2016 5:30,East Side,Water in Basement
1049,8/20/2016 10:00,East Side,Water in Basement
1050,8/31/2016 16:30,East Side,Water in Basement
1051,8/31/2016 16:30,East Side,Water in Basement
1052,8/18/2016 8:30,East Side,Water in Street
1053,8/18/2016 9:30,East Side,Water in Street
1054,8/20/2016 12:30,East Side,Water in Street
1055,8/24/2016 17:30,East Side,Water in Street
1056,8/12/2016 14:30,Fuller Park,Water in Basement
1057,8/15/2016 15:30,Fuller Park,Water in Basement
1058,8/18/2016 19:30,Fuller Park,Water in Basement
1059,8/5/2016 16:30,Fuller Park,Water in Street
1060,8/14/2016 1:00,Fuller Park,Water in Street
1061,8/18/2016 9:00,Fuller Park,Water in Street
1062,8/18/2016 9:30,Fuller Park,Water in Street
1063,8/18/2016 10:30,Fuller Park,Water in Street
1064,8/18/2016 10:30,Fuller Park,Water in Street
1065,8/14/2016 15:30,Rogers Park,Water in Basement
1066,8/18/2016 10:30,Rogers Park,Water in Basement
1067,8/8/2016 15:30,Rogers Park,Water in Street
1068,8/11/2016 19:00,Rogers Park,Water in Street
1069,8/13/2016 19:00,Rogers Park,Water in Street
1070,8/17/2016 10:00,Rogers Park,Water in Street
1071,8/18/2016 8:30,Rogers Park,Water in Street
1072,8/19/2016 13:30,Rogers Park,Water in Street
1073,8/20/2016 9:30,Rogers Park,Water in Street
1074,8/20/2016 9:30,Rogers Park,Water in Street
1075,8/20/2016 10:00,Rogers Park,Water in Street
1076,8/27/2016 9:30,Rogers Park,Water in Street
1077,8/30/2016 7:30,Rogers Park,Water in Street
1078,8/30/2016 12:00,Rogers Park,Water in Street
1079,9/1/2016 6:00,Rogers Park,Water in Street
1080,9/1/2016 9:00,Rogers Park,Water in Street
1081,9/6/2016 17:30,Rogers Park,Water in Street
1082,8/27/2016 16:00,Riverdale,Water in Basement
1083,8/13/2016 10:30,West Elsdon,Water in Street
1084,8/18/2016 7:30,West Elsdon,Water in Street
1085,8/18/2016 11:30,West Elsdon,Water in Street
1086,8/18/2016 22:30,West Elsdon,Water in Street
1087,8/19/2016 11:00,West Elsdon,Water in Street
1088,8/19/2016 17:00,West Elsdon,Water in Street
1089,8/20/2016 19:30,West Elsdon,Water in Street
1090,8/21/2016 11:00,West Elsdon,Water in Street
1091,8/5/2016 11:30,Morgan Park,Water in Basement
1092,8/13/2016 9:00,Morgan Park,Water in Basement
1093,8/15/2016 16:00,Morgan Park,Water in Basement
1094,8/30/2016 14:30,Morgan Park,Water in Basement
1095,8/8/2016 14:30,Morgan Park,Water in Street
1096,8/13/2016 1:30,Morgan Park,Water in Street
1097,8/19/2016 12:00,Morgan Park,Water in Street
1098,8/19/2016 17:00,Morgan Park,Water in Street
1099,8/20/2016 9:30,Morgan Park,Water in Street
1100,8/20/2016 12:30,Morgan Park,Water in Street
1101,8/20/2016 13:00,Morgan Park,Water in Street
1102,8/24/2016 8:00,Morgan Park,Water in Street
1103,8/27/2016 9:00,Morgan Park,Water in Street
1104,8/27/2016 11:30,Morgan Park,Water in Street
1105,9/6/2016 16:00,Morgan Park,Water in Street
1106,8/18/2016 8:30,Loop,Water in Basement
1107,8/23/2016 15:30,Loop,Water in Basement
1108,8/26/2016 14:00,Loop,Water in Basement
1109,9/2/2016 14:30,Loop,Water in Basement
1110,8/19/2016 2:30,Loop,Water in Street
1111,8/19/2016 14:00,Loop,Water in Street
1112,8/5/2016 9:30,Archer Heights,Water in Basement
1113,8/18/2016 8:00,Archer Heights,Water in Basement
1114,8/24/2016 16:30,Archer Heights,Water in Basement
1115,9/8/2016 15:00,Archer Heights,Water in Basement
1116,8/12/2016 12:30,Archer Heights,Water in Street
1117,8/13/2016 8:00,Archer Heights,Water in Street
1118,8/18/2016 8:00,Archer Heights,Water in Street
1119,8/18/2016 8:30,Archer Heights,Water in Street
1120,8/18/2016 8:30,Archer Heights,Water in Street
1121,8/9/2016 19:30,Grand Boulevard,Water in Basement
1122,8/12/2016 12:30,Grand Boulevard,Water in Basement
1123,8/12/2016 12:30,Grand Boulevard,Water in Basement
1124,8/12/2016 12:30,Grand Boulevard,Water in Basement
1125,8/12/2016 12:30,Grand Boulevard,Water in Basement
1126,8/12/2016 17:30,Grand Boulevard,Water in Basement
1127,8/12/2016 18:00,Grand Boulevard,Water in Basement
1128,8/13/2016 8:00,Grand Boulevard,Water in Basement
1129,8/14/2016 13:00,Grand Boulevard,Water in Basement
1130,8/15/2016 12:00,Grand Boulevard,Water in Basement
1131,8/16/2016 7:00,Grand Boulevard,Water in Basement
1132,8/18/2016 9:00,Grand Boulevard,Water in Basement
1133,8/21/2016 21:30,Grand Boulevard,Water in Basement
1134,8/12/2016 12:00,Grand Boulevard,Water in Street
1135,8/12/2016 12:00,Grand Boulevard,Water in Street
1136,8/12/2016 12:30,Grand Boulevard,Water in Street
1137,8/12/2016 13:00,Grand Boulevard,Water in Street
1138,8/12/2016 15:30,Grand Boulevard,Water in Street
1139,8/13/2016 12:30,Grand Boulevard,Water in Street
1140,8/13/2016 13:00,Grand Boulevard,Water in Street
1141,8/15/2016 18:00,Grand Boulevard,Water in Street
1142,8/18/2016 8:00,Grand Boulevard,Water in Street
1143,8/18/2016 11:00,Grand Boulevard,Water in Street
1144,8/18/2016 13:00,Grand Boulevard,Water in Street
1145,8/19/2016 11:00,Grand Boulevard,Water in Street
1146,8/19/2016 12:00,Grand Boulevard,Water in Street
1147,9/1/2016 9:30,Grand Boulevard,Water in Street
1148,8/5/2016 9:30,Albany Park,Water in Basement
1149,8/17/2016 11:00,Albany Park,Water in Basement
1150,8/18/2016 10:00,Albany Park,Water in Basement
1151,8/20/2016 9:00,Albany Park,Water in Basement
1152,8/16/2016 12:30,Albany Park,Water in Street
1153,8/17/2016 20:30,Albany Park,Water in Street
1154,8/18/2016 11:00,Albany Park,Water in Street
1155,8/18/2016 12:30,Albany Park,Water in Street
1156,8/18/2016 20:30,Albany Park,Water in Street
1157,8/27/2016 9:00,Albany Park,Water in Street
1158,8/27/2016 17:30,Albany Park,Water in Street
1159,8/12/2016 13:30,Logan Square,Water in Basement
1160,8/19/2016 11:30,Logan Square,Water in Basement
1161,8/20/2016 11:30,Logan Square,Water in Basement
1162,8/23/2016 14:30,Logan Square,Water in Basement
1163,9/6/2016 12:30,Logan Square,Water in Basement
1164,9/9/2016 12:30,Logan Square,Water in Basement
1165,8/12/2016 12:00,Logan Square,Water in Street
1166,8/12/2016 14:00,Logan Square,Water in Street
1167,8/14/2016 16:00,Logan Square,Water in Street
1168,8/18/2016 9:00,Logan Square,Water in Street
1169,8/18/2016 9:00,Logan Square,Water in Street
1170,8/18/2016 18:30,Logan Square,Water in Street
1171,8/20/2016 17:00,Logan Square,Water in Street
1172,8/21/2016 1:30,Logan Square,Water in Street
1173,8/23/2016 12:30,Logan Square,Water in Street
1174,8/24/2016 12:00,Logan Square,Water in Street
1175,8/24/2016 12:30,Logan Square,Water in Street
1176,8/27/2016 8:00,Logan Square,Water in Street
1177,8/27/2016 11:00,Logan Square,Water in Street
1178,9/1/2016 13:00,Logan Square,Water in Street
1179,9/6/2016 16:30,Logan Square,Water in Street
1180,9/9/2016 13:30,Logan Square,Water in Street
1181,8/12/2016 11:30,Lincoln Square,Water in Street
1182,8/14/2016 16:30,Lincoln Square,Water in Street
1183,8/20/2016 11:30,Lincoln Square,Water in Street
1184,8/20/2016 12:30,Lincoln Square,Water in Street
1185,8/20/2016 18:30,Lincoln Square,Water in Street
1186,8/27/2016 11:00,Lincoln Square,Water in Street
1187,8/12/2016 12:00,Oakland,Water in Basement
1188,8/17/2016 17:30,Oakland,Water in Basement
1189,8/18/2016 9:00,Oakland,Water in Basement
1190,8/12/2016 12:00,Oakland,Water in Street
1191,8/18/2016 8:00,Oakland,Water in Street
1192,8/18/2016 13:00,Oakland,Water in Street
1193,8/20/2016 10:30,Oakland,Water in Street
1194,8/9/2016 9:30,Near North Side,Water in Basement
1195,8/15/2016 22:00,Near North Side,Water in Basement
1196,8/22/2016 11:30,Near North Side,Water in Basement
1197,8/24/2016 20:30,Near North Side,Water in Basement
1198,8/31/2016 15:00,Near North Side,Water in Basement
1199,8/8/2016 13:30,Near North Side,Water in Street
1200,8/15/2016 15:00,Near North Side,Water in Street
1201,8/15/2016 15:00,Near North Side,Water in Street
1202,8/15/2016 16:30,Near North Side,Water in Street
1203,8/15/2016 16:30,Near North Side,Water in Street
1204,8/15/2016 16:30,Near North Side,Water in Street
1205,8/15/2016 16:30,Near North Side,Water in Street
1206,8/15/2016 17:00,Near North Side,Water in Street
1207,8/15/2016 17:00,Near North Side,Water in Street
1208,8/15/2016 17:00,Near North Side,Water in Street
1209,8/15/2016 17:00,Near North Side,Water in Street
1210,8/18/2016 17:30,Near North Side,Water in Street
1211,8/19/2016 10:30,Near North Side,Water in Street
1212,8/22/2016 8:00,Near North Side,Water in Street
1213,8/26/2016 20:00,Near North Side,Water in Street
1214,8/31/2016 15:30,Near North Side,Water in Street
1215,9/9/2016 13:00,Near North Side,Water in Street
1216,8/11/2016 15:30,Hermosa,Water in Basement
1217,8/17/2016 9:00,Hermosa,Water in Basement
1218,8/27/2016 13:00,Hermosa,Water in Basement
1219,8/18/2016 15:00,Hermosa,Water in Street
1220,8/20/2016 9:30,Hermosa,Water in Street
1221,8/27/2016 8:30,Hermosa,Water in Street
1222,8/27/2016 13:30,Hermosa,Water in Street
1223,9/2/2016 0:00,Hermosa,Water in Street
1224,9/8/2016 13:00,Hermosa,Water in Street
1225,8/19/2016 19:30,Edison Park,Water in Basement
1226,8/18/2016 7:30,Edison Park,Water in Street
1227,8/20/2016 9:00,Edison Park,Water in Street
1228,8/20/2016 9:30,Edison Park,Water in Street
1229,8/20/2016 11:00,Edison Park,Water in Street
1230,8/27/2016 20:30,Edison Park,Water in Street
1231,8/30/2016 7:00,Edison Park,Water in Street
1232,8/30/2016 11:00,Edison Park,Water in Street
1233,8/30/2016 19:30,Edison Park,Water in Street
1234,8/12/2016 11:30,Uptown,Water in Basement
1235,8/18/2016 13:30,Uptown,Water in Street
1236,8/20/2016 9:30,Uptown,Water in Street
1237,8/20/2016 10:00,Uptown,Water in Street
1238,8/20/2016 10:00,Uptown,Water in Street
1239,8/20/2016 10:30,Uptown,Water in Street
1240,8/20/2016 10:30,Uptown,Water in Street
1241,8/20/2016 11:00,Uptown,Water in Street
1242,8/20/2016 16:00,Uptown,Water in Street
1243,8/24/2016 11:30,Uptown,Water in Street
1244,8/26/2016 13:30,Uptown,Water in Street
1245,9/9/2016 9:00,Uptown,Water in Street
1246,8/8/2016 21:30,West Lawn,Water in Street
1247,8/9/2016 16:00,West Lawn,Water in Street
1248,8/15/2016 8:00,West Lawn,Water in Street
1249,8/18/2016 9:30,West Lawn,Water in Street
1250,8/29/2016 10:30,West Lawn,Water in Street
1251,8/8/2016 11:30,West Garfield Park,Water in Basement
1252,8/18/2016 14:30,West Garfield Park,Water in Basement
1253,8/22/2016 16:00,West Garfield Park,Water in Basement
1254,8/23/2016 21:30,West Garfield Park,Water in Basement
1255,8/31/2016 14:30,West Garfield Park,Water in Basement
1256,9/6/2016 21:00,West Garfield Park,Water in Basement
1257,9/7/2016 14:00,West Garfield Park,Water in Basement
1258,8/20/2016 10:30,West Garfield Park,Water in Street
1259,8/29/2016 13:30,North Park,Water in Basement
1260,8/20/2016 10:30,North Park,Water in Street
1261,8/23/2016 22:00,North Park,Water in Street
1262,8/27/2016 11:00,North Park,Water in Street
1263,8/27/2016 14:00,Forest Glen,Water in Basement
1264,8/9/2016 15:30,Forest Glen,Water in Street
1265,8/13/2016 12:30,Forest Glen,Water in Street
1266,8/20/2016 15:30,Forest Glen,Water in Street
1267,8/22/2016 21:00,Forest Glen,Water in Street
1268,9/8/2016 8:30,Forest Glen,Water in Street
1269,8/12/2016 11:30,Irving Park,Water in Basement
1270,8/12/2016 11:30,Irving Park,Water in Basement
1271,8/13/2016 14:00,Irving Park,Water in Basement
1272,8/20/2016 12:30,Irving Park,Water in Basement
1273,9/7/2016 14:00,Irving Park,Water in Basement
1274,9/8/2016 18:00,Irving Park,Water in Basement
1275,8/9/2016 17:00,Irving Park,Water in Street
1276,8/12/2016 12:30,Irving Park,Water in Street
1277,8/12/2016 13:00,Irving Park,Water in Street
1278,8/13/2016 20:00,Irving Park,Water in Street
1279,8/18/2016 7:30,Irving Park,Water in Street
1280,8/18/2016 9:30,Irving Park,Water in Street
1281,8/18/2016 14:30,Irving Park,Water in Street
1282,8/19/2016 9:30,Irving Park,Water in Street
1283,8/19/2016 16:00,Irving Park,Water in Street
1284,8/19/2016 23:30,Irving Park,Water in Street
1285,8/22/2016 12:30,Irving Park,Water in Street
1286,8/25/2016 16:00,Irving Park,Water in Street
1287,8/27/2016 18:00,Irving Park,Water in Street
1288,9/1/2016 9:00,Irving Park,Water in Street
1289,8/12/2016 17:30,Hyde Park,Water in Basement
1290,8/12/2016 18:30,Hyde Park,Water in Basement
1291,8/18/2016 17:30,Hyde Park,Water in Basement
1292,8/19/2016 11:00,Hyde Park,Water in Basement
1293,8/22/2016 16:30,Hyde Park,Water in Basement
1294,8/22/2016 16:30,Hyde Park,Water in Basement
1295,8/30/2016 15:00,Hyde Park,Water in Basement
1296,8/30/2016 21:30,Hyde Park,Water in Basement
1297,8/5/2016 12:00,Hyde Park,Water in Street
1298,8/8/2016 11:00,Hyde Park,Water in Street
1299,8/9/2016 14:00,Hyde Park,Water in Street
1300,8/12/2016 13:00,Hyde Park,Water in Street
1301,8/13/2016 6:30,Hyde Park,Water in Street
1302,8/13/2016 11:00,Hyde Park,Water in Street
1303,8/13/2016 22:00,Hyde Park,Water in Street
1304,8/15/2016 10:00,Hyde Park,Water in Street
1305,8/16/2016 16:30,Hyde Park,Water in Street
1306,8/16/2016 18:30,Hyde Park,Water in Street
1307,8/16/2016 19:00,Hyde Park,Water in Street
1308,8/17/2016 11:00,Hyde Park,Water in Street
1309,8/18/2016 23:00,Hyde Park,Water in Street
1310,8/20/2016 8:30,Hyde Park,Water in Street
1311,8/20/2016 10:30,Hyde Park,Water in Street
1312,8/20/2016 10:30,Hyde Park,Water in Street
1313,8/20/2016 13:00,Hyde Park,Water in Street
1314,8/20/2016 13:00,Hyde Park,Water in Street
1315,8/27/2016 13:30,Hyde Park,Water in Street
1316,8/28/2016 10:30,Hyde Park,Water in Street
1317,8/28/2016 10:30,Hyde Park,Water in Street
1318,9/10/2016 9:00,Hyde Park,Water in Street
1319,9/1/2016 20:30,Clearing,Water in Basement
1320,9/2/2016 11:30,Clearing,Water in Basement
1321,9/7/2016 12:30,Clearing,Water in Basement
1322,8/10/2016 3:30,Clearing,Water in Street
1323,8/13/2016 8:00,Clearing,Water in Street
1324,8/13/2016 8:30,Clearing,Water in Street
1325,8/13/2016 8:30,Clearing,Water in Street
1326,8/13/2016 11:00,Clearing,Water in Street
1327,8/13/2016 12:30,Clearing,Water in Street
1328,8/18/2016 8:00,Clearing,Water in Street
1329,8/18/2016 8:00,Clearing,Water in Street
1330,8/18/2016 8:30,Clearing,Water in Street
1331,8/18/2016 9:00,Clearing,Water in Street
1332,8/18/2016 10:30,Clearing,Water in Street
1333,8/18/2016 12:00,Clearing,Water in Street
1334,8/20/2016 9:30,Clearing,Water in Street
1335,9/12/2016 19:00,Clearing,Water in Street
1336,8/18/2016 11:00,O'Hare,Water in Basement
1337,8/29/2016 17:30,O'Hare,Water in Street
1338,8/30/2016 12:00,O'Hare,Water in Street
1339,8/5/2016 19:00,Belmont Cragin,Water in Basement
1340,8/11/2016 10:00,Belmont Cragin,Water in Basement
1341,8/12/2016 12:00,Belmont Cragin,Water in Basement
1342,8/12/2016 12:30,Belmont Cragin,Water in Basement
1343,8/12/2016 13:00,Belmont Cragin,Water in Basement
1344,8/18/2016 8:30,Belmont Cragin,Water in Basement
1345,8/19/2016 8:30,Belmont Cragin,Water in Basement
1346,8/21/2016 12:00,Belmont Cragin,Water in Basement
1347,8/21/2016 12:30,Belmont Cragin,Water in Basement
1348,8/22/2016 14:30,Belmont Cragin,Water in Basement
1349,8/24/2016 18:00,Belmont Cragin,Water in Basement
1350,8/27/2016 13:00,Belmont Cragin,Water in Basement
1351,8/27/2016 15:00,Belmont Cragin,Water in Basement
1352,9/1/2016 12:30,Belmont Cragin,Water in Basement
1353,8/8/2016 14:00,Belmont Cragin,Water in Street
1354,8/12/2016 11:30,Belmont Cragin,Water in Street
1355,8/13/2016 15:00,Belmont Cragin,Water in Street
1356,8/13/2016 20:00,Belmont Cragin,Water in Street
1357,8/19/2016 12:00,Belmont Cragin,Water in Street
1358,8/20/2016 9:00,Belmont Cragin,Water in Street
1359,8/23/2016 13:30,Belmont Cragin,Water in Street
1360,8/25/2016 8:00,Belmont Cragin,Water in Street
1361,8/25/2016 11:00,Belmont Cragin,Water in Street
1362,8/27/2016 16:30,Belmont Cragin,Water in Street
1363,9/7/2016 13:30,Belmont Cragin,Water in Street
1364,9/7/2016 13:30,Belmont Cragin,Water in Street
1365,8/12/2016 13:30,Armour Square,Water in Basement
1366,8/12/2016 14:30,Armour Square,Water in Basement
1367,8/12/2016 14:30,Armour Square,Water in Basement
1368,8/12/2016 15:30,Armour Square,Water in Basement
1369,9/9/2016 11:30,Armour Square,Water in Street
1370,8/12/2016 13:30,Kenwood,Water in Basement
1371,8/14/2016 15:30,Kenwood,Water in Basement
1372,8/23/2016 8:00,Kenwood,Water in Basement
1373,9/8/2016 17:30,Kenwood,Water in Basement
1374,8/12/2016 13:30,Kenwood,Water in Street
1375,8/12/2016 16:30,Kenwood,Water in Street
1376,8/20/2016 18:00,Kenwood,Water in Street
1377,8/25/2016 14:00,Kenwood,Water in Street
1378,8/30/2016 16:00,Kenwood,Water in Street
1379,9/12/2016 11:00,Kenwood,Water in Street
1380,9/7/2016 12:00,Norwood Park,Water in Basement
1381,8/12/2016 9:30,Norwood Park,Water in Street
1382,8/18/2016 7:30,Norwood Park,Water in Street
1383,8/18/2016 8:00,Norwood Park,Water in Street
1384,8/18/2016 10:30,Norwood Park,Water in Street
1385,8/18/2016 12:00,Norwood Park,Water in Street
1386,8/18/2016 12:30,Norwood Park,Water in Street
1387,8/18/2016 12:30,Norwood Park,Water in Street
1388,8/20/2016 14:30,Norwood Park,Water in Street
1389,8/27/2016 8:30,Norwood Park,Water in Street
1390,8/27/2016 12:00,Norwood Park,Water in Street
1391,8/29/2016 12:00,Norwood Park,Water in Street
1392,8/30/2016 7:30,Norwood Park,Water in Street
1393,8/30/2016 8:00,Norwood Park,Water in Street
1394,8/30/2016 19:00,Norwood Park,Water in Street
1395,8/31/2016 10:00,Norwood Park,Water in Street
1396,9/1/2016 19:00,Norwood Park,Water in Street
1397,9/5/2016 10:00,Norwood Park,Water in Street
1398,9/9/2016 17:00,Norwood Park,Water in Street
1399,8/11/2016 13:00,Near South Side,Water in Basement
1400,8/12/2016 12:00,Near South Side,Water in Basement
1401,8/22/2016 12:00,Near South Side,Water in Basement
1402,8/18/2016 9:00,Near South Side,Water in Street
1403,8/19/2016 11:00,Near South Side,Water in Street
1404,8/19/2016 14:00,Near South Side,Water in Street
1405,8/20/2016 13:00,Near South Side,Water in Street
1406,8/30/2016 8:30,Near South Side,Water in Street
1407,8/31/2016 9:00,Near South Side,Water in Street
1408,8/8/2016 20:00,Montclare,Water in Street
1409,8/22/2016 9:30,Montclare,Water in Street
1410,8/27/2016 9:00,Montclare,Water in Street
1411,8/12/2016 14:00,Douglas,Water in Basement
1412,8/12/2016 14:30,Douglas,Water in Basement
1413,8/12/2016 18:30,Douglas,Water in Basement
1414,8/12/2016 22:30,Douglas,Water in Basement
1415,8/13/2016 10:30,Douglas,Water in Basement
1416,8/13/2016 14:30,Douglas,Water in Basement
1417,8/13/2016 15:30,Douglas,Water in Basement
1418,8/15/2016 8:00,Douglas,Water in Basement
1419,8/15/2016 9:30,Douglas,Water in Basement
1420,8/15/2016 12:00,Douglas,Water in Basement
1421,8/15/2016 12:00,Douglas,Water in Basement
1422,8/17/2016 11:30,Douglas,Water in Basement
1423,8/19/2016 9:30,Douglas,Water in Basement
1424,8/19/2016 11:00,Douglas,Water in Basement
1425,8/12/2016 12:00,Douglas,Water in Street
1426,8/12/2016 13:30,Douglas,Water in Street
1427,8/18/2016 9:00,Douglas,Water in Street
1428,8/19/2016 11:30,Douglas,Water in Street
1429,8/19/2016 13:30,Douglas,Water in Street
1430,8/24/2016 14:00,Douglas,Water in Street
